high,best_bid,last,cur,symbol,best_ask,vwap,max_bid,volume,low,min_ask,time
0.00033909,0.00026897,0.00033908,BNT,BNT/BTC,0.00033998,0.00033909,0.00033909,50.43770779,0.00033908,0.00033908,Mon Nov 27 18:27:08 2017
1.09e-06,1e-06,1.03e-06,FST,FST/BTC,1.03e-06,9.6e-07,9.9e-06,724265.106304,9e-07,9e-07,Mon Nov 27 18:27:08 2017
7.158e-05,6.5e-05,6.5e-05,GRS,GRS/BTC,6.65e-05,6.631e-05,7.113e-05,9558.98772953,6.304e-05,6.304e-05,Mon Nov 27 18:27:08 2017
0.00062354,0.00050434,0.00062354,PPY,PPY/BTC,0.00062353,0.00058801,0.00064,575.93805794,0.0005068,0.0005068,Mon Nov 27 18:27:08 2017
0.0,5.5e-05,0.0,HVN,HVN/ETH,9e-05,0.0,5.501e-05,0.0,0.0,9e-05,Mon Nov 27 18:27:08 2017
0.0012,0.00069889,0.00085,HST,HST/ETH,0.00085,0.00042591,0.0012,8146.3516853,0.0001,0.0001,Mon Nov 27 18:27:08 2017
1.655e-05,1.519e-05,1.533e-05,BTA,BTA/BTC,1.555e-05,1.495e-05,1.655e-05,18057.474863,1.407e-05,1.4e-05,Mon Nov 27 18:27:08 2017
4.17e-06,4.01e-06,4.01e-06,SNT,SNT/BTC,4.16e-06,4e-06,4.17e-06,71876.3723748,3.69e-06,3.69e-06,Mon Nov 27 18:27:08 2017
3.345e-05,3.018e-05,3.018e-05,FU,FU/ETH,3.065e-05,3.04e-05,3.345e-05,288746.202275,2.999e-05,2.999e-05,Mon Nov 27 18:27:08 2017
0.00046354,0.00042012,0.00042013,DAY,DAY/BTC,0.00043,0.00044286,0.00053999,36.02110603,0.00041999,0.00041999,Mon Nov 27 18:27:08 2017
0.17979,0.11009,0.17776,QAU,QAU/USD,0.17776,0.14979514,0.17979,92.70569,0.1085,0.1085,Mon Nov 27 18:27:08 2017
0.45,0.35,0.35,HST,HST/USD,0.48,0.43383472,0.45,122.13368226,0.35,0.361,Mon Nov 27 18:27:08 2017
0.00011029,0.00010505,0.00011029,eETT,eETT/ETH,0.000219,0.00011029,0.00011029,154.13169,0.00011029,0.00011029,Mon Nov 27 18:27:08 2017
42.0,39.01,40.0,NEO,NEO/USD,40.0,39.81871228,42.0,157.29186762,35.50629,35.50629,Mon Nov 27 18:27:08 2017
0.0,2.22356,0.0,RLT,RLT/RUR,35.0,0.0,0.0,0.0,0.0,34.999,Mon Nov 27 18:27:08 2017
3.111e-05,2.7e-05,2.773e-05,LEO,LEO/BTC,2.948e-05,2.777e-05,0.15,57836.5420842,2.4e-05,1e-05,Mon Nov 27 18:27:08 2017
0.00010999,7.13e-05,7.117e-05,ARTE,ARTE/BTC,9.974e-05,8.144e-05,0.0007086,15.0,7.087e-05,7.087e-05,Mon Nov 27 18:27:08 2017
6.333e-05,5.811e-05,5.965e-05,VRC,VRC/BTC,6.051e-05,6.001e-05,6.333e-05,34735.9715877,5.79e-05,5.658e-05,Mon Nov 27 18:27:08 2017
0.0999,0.0521,0.0999,eETT,eETT/USD,0.09125,0.0999,0.0999,19.98404,0.0999,0.09125,Mon Nov 27 18:27:08 2017
8.852e-05,7.874e-05,8.17e-05,OBITS,OBITS/BTC,8.644e-05,8.375e-05,8.852e-05,9506.08492906,7.874e-05,7.874e-05,Mon Nov 27 18:27:08 2017
0.0,0.00025006,0.0,QAU,QAU/ETH,0.00037349,0.0,0.00025051,0.0,0.0,0.0004998,Mon Nov 27 18:27:08 2017
2e-08,1e-08,1e-08,ESP,ESP/BTC,2e-08,1e-08,2e-08,80718619.1227,1e-08,1e-08,Mon Nov 27 18:27:08 2017
0.00063999,0.0005889,0.00059495,WAVES,WAVES/BTC,0.000599,0.0005882,0.00063999,11297.9307378,0.00056337,0.00056337,Mon Nov 27 18:27:08 2017
0.0,2.04655,0.0,CLOAK,CLOAK/EUR,11.98,0.0,2.04655,0.0,0.0,11.98,Mon Nov 27 18:27:08 2017
0.0,0.03,0.0,HVN,HVN/USD,0.034,0.0,0.03,0.0,0.0,0.034,Mon Nov 27 18:27:08 2017
0.09928759,0.081211,0.08801121,NEO,NEO/ETH,0.0880112,0.08629674,0.0992876,46.84017428,0.0792,0.0792,Mon Nov 27 18:27:08 2017
0.01719,0.0131,0.014,XRC,XRC/USD,0.0165,0.01541339,0.01719,3746.89013,0.014,0.014,Mon Nov 27 18:27:08 2017
0.0020001,0.00181044,0.0016,ITI,ITI/BTC,0.00229999,0.00173331,0.0020001,2.0,0.0016,0.0016,Mon Nov 27 18:27:08 2017
2.6e-06,2.22e-06,2.19e-06,SOAR,SOAR/BTC,2.39e-06,2.34e-06,7.1e-06,515643.700359,2.1e-06,2.1e-06,Mon Nov 27 18:27:08 2017
5.274e-05,4.983e-05,5.006e-05,MAID,MAID/BTC,5.039e-05,4.983e-05,5.274e-05,141169.064671,4.701e-05,4.719e-05,Mon Nov 27 18:27:08 2017
3.9e-07,3.1e-07,3.5e-07,WIC,WIC/BTC,3.7e-07,3.3e-07,0.0001,520596.872768,3e-07,3e-07,Mon Nov 27 18:27:08 2017
0.0,606.0,0.0,ITI,ITI/RUR,1700.0,0.0,0.0,0.0,0.0,0.0,Mon Nov 27 18:27:08 2017
6.79e-05,4.054e-05,6.79e-05,POST,POST/ETH,6.535e-05,5.232e-05,6.79e-05,557.92246563,4.953e-05,4.953e-05,Mon Nov 27 18:27:08 2017
0.00034332,0.00033631,0.0003363,OXY,OXY/ETH,0.00042847,0.00033727,0.00036138,326.77626256,0.0003363,0.0003363,Mon Nov 27 18:27:08 2017
1.09,0.61,1.09,EDG,EDG/USD,2.10995,1.06639814,1.09,8.64831397,0.51,1.06,Mon Nov 27 18:27:08 2017
0.0,1.001e-05,0.0,VOISE,VOISE/ETH,1.854e-05,0.0,0.0,0.0,0.0,1.688e-05,Mon Nov 27 18:27:08 2017
0.00017973,0.00014948,0.00014921,ICN,ICN/BTC,0.00017107,0.00015352,0.00017973,7780.76988894,0.00013999,0.00013842,Mon Nov 27 18:27:08 2017
0.00028363,0.00022006,0.00022618,SHIFT,SHIFT/BTC,0.00022978,0.00023404,0.00028363,28685.000002,0.00021569,0.00021569,Mon Nov 27 18:27:08 2017
0.00752694,0.00534261,0.00752694,PIVX,PIVX/ETH,0.0083426,0.00749242,0.00752694,21.15423761,0.00741376,0.00741376,Mon Nov 27 18:27:08 2017
0.0,8.51055,0.0,LEO,LEO/RUR,26.9999,0.0,8.51055,0.0,0.0,26.0,Mon Nov 27 18:27:08 2017
0.18687,0.141,0.14003,OXY,OXY/USD,0.18679,0.14464883,0.18687,1356.52049464,0.14001,0.14001,Mon Nov 27 18:27:08 2017
0.0,0.0006,0.0,OD,OD/BTC,0.00060018,0.0,0.00050227,0.0,0.0,0.00076533,Mon Nov 27 18:27:08 2017
0.00125211,0.00109397,0.00108788,CTR,CTR/ETH,0.00120367,0.00109478,0.00125211,2013.55331133,0.00101891,0.00101891,Mon Nov 27 18:27:08 2017
0.00022088,0.00019029,0.00019156,PPC,PPC/BTC,0.00020205,0.00019963,0.00022088,6332.85289756,0.00018614,0.00018614,Mon Nov 27 18:27:08 2017
0.0,70.0,0.0,DGD,DGD/USD,437.99,0.0,70.0,0.0,0.0,432.9,Mon Nov 27 18:27:08 2017
0.00020936,0.00017716,0.00017717,TX,TX/BTC,0.00018299,0.0001921,0.00023,19582.0640894,0.00017717,0.00016,Mon Nov 27 18:27:08 2017
90.0,80.0,90.0,SIB,SIB/RUR,90.0,86.68463477,90.0,690.09223276,85.0,84.46,Mon Nov 27 18:27:08 2017
2.986e-05,2.152e-05,2.15e-05,XRL,XRL/BTC,2.499e-05,2.381e-05,9e-05,57709.3995339,1.5e-05,1.085e-05,Mon Nov 27 18:27:08 2017
0.00246905,0.0017724,0.00246905,EDG,EDG/ETH,0.00246906,0.00191787,0.00246905,31.20482186,0.00189443,0.00189443,Mon Nov 27 18:27:08 2017
3.5,3.2111,3.5,PIVX,PIVX/USD,3.95,3.5,3.5,19.40783,3.5,3.5,Mon Nov 27 18:27:08 2017
0.048,0.0321,0.04789,ADZ,ADZ/USD,0.0477,0.04640674,0.048,4592.6054958,0.02819,0.02817,Mon Nov 27 18:27:08 2017
0.0,0.32036,0.0,CTR,CTR/USD,0.693,0.0,0.32036,0.0,0.0,0.693,Mon Nov 27 18:27:08 2017
0.00049872,0.000435,0.00047997,TAAS,TAAS/BTC,0.00047997,0.00048303,0.00049873,470.69353443,0.00042024,0.00042024,Mon Nov 27 18:27:08 2017
1e-08,0.0,1e-08,REE,REE/BTC,1e-08,1e-08,1e-08,1847484.52785,1e-08,1e-08,Mon Nov 27 18:27:08 2017
7.5,4.40021,6.0,CLOAK,CLOAK/USD,7.43999,4.91588284,7.5,94.49792844,3.6,3.6,Mon Nov 27 18:27:08 2017
0.0,0.00350018,0.0,PIVX,PIVX/DASH,0.02477687,0.0,0.0035,0.0,0.0,0.02477687,Mon Nov 27 18:27:08 2017
0.0,4.55e-05,0.0,ENJ,ENJ/ETH,5.116e-05,0.0,4.855e-05,0.0,0.0,5.116e-05,Mon Nov 27 18:27:08 2017
4.999e-05,4.066e-05,4.099e-05,TRST,TRST/BTC,4.728e-05,4.774e-05,4.999e-05,1661.34774419,4.066e-05,4.066e-05,Mon Nov 27 18:27:08 2017
0.0031164,0.00057051,0.00057024,MTL,MTL/BTC,0.00311629,0.00128226,0.00061573,439.2571667,0.00050374,0.00050374,Mon Nov 27 18:27:08 2017
5.99987,5.3,5.41,NVC,NVC/USD,5.99972,5.44099343,5.99987,3.16637,5.41,5.41,Mon Nov 27 18:27:08 2017
0.0095,0.0052,0.0078,VOISE,VOISE/USD,0.0078,0.00661058,0.0095,8646.20325405,0.00602,0.00602,Mon Nov 27 18:27:08 2017
3.42e-06,3e-06,3.1e-06,FUNC,FUNC/BTC,3.37e-06,3.24e-06,3.42e-06,48074.2107792,3.1e-06,3.1e-06,Mon Nov 27 18:27:08 2017
0.000133,7e-05,0.000133,UNY,UNY/LTC,0.00013278,6.385e-05,0.000133,1097.14521779,5e-05,5e-05,Mon Nov 27 18:27:08 2017
2.47999,1.56,2.47999,PAY,PAY/USD,2.48,2.47999,2.47999,2.4199286,2.47999,2.44,Mon Nov 27 18:27:08 2017
0.0,0.00100808,0.0,RLC,RLC/ETH,0.00169987,0.0,0.00100808,0.0,0.0,0.00169983,Mon Nov 27 18:27:08 2017
0.001698,0.001432,0.00143201,MGO,MGO/ETH,0.00419944,0.00152201,0.001698,93.42109941,0.00143201,0.00143201,Mon Nov 27 18:27:08 2017
9e-06,4.43e-06,6e-06,WIC,WIC/ETH,8.99e-06,6.72e-06,9e-06,11515.8802516,4.39e-06,6e-06,Mon Nov 27 18:27:08 2017
0.00010997,7e-05,7.3e-05,ETHP,ETHP/BTC,7.292e-05,6.88e-05,0.0005,13331.9613091,5.09e-05,5.09e-05,Mon Nov 27 18:27:08 2017
0.0,12.0000001,0.0,EL,EL/UNRC,56.0,0.0,8.1,0.0,0.0,56.0,Mon Nov 27 18:27:08 2017
300.0,287.01001,293.9,BCC,BCC/USD,294.99999,292.84787572,2312.0,12.26506843,230.0,230.0,Mon Nov 27 18:27:08 2017
1.4,1.20004,1.35,BIO,BIO/RUR,1.6,1.35661068,1.4,1094.73946,1.35,1.35,Mon Nov 27 18:27:08 2017
0.73791,0.41033,0.73791,RLC,RLC/USD,0.68997,0.73791,0.73791,1.35274,0.73791,0.68997,Mon Nov 27 18:27:08 2017
0.0,0.0,0.0,BCC,BCC/ESC,0.0,0.0,0.0,0.0,0.0,0.0,Mon Nov 27 18:27:08 2017
0.00075,0.00070502,0.00075,MCO,MCO/BTC,0.00075,0.00068836,0.00071,642.19855424,0.00063111,0.00063049,Mon Nov 27 18:27:08 2017
0.00017076,0.00016043,0.00016195,SIB,SIB/BTC,0.0001619,0.00016243,0.00017077,19218.6215862,0.00015501,0.0001509,Mon Nov 27 18:27:08 2017
1.05,0.8702,0.875,THS,THS/USD,0.99986,0.95492886,1.05,136.00072697,0.875,0.875,Mon Nov 27 18:27:08 2017
0.0,4.055e-05,0.0,FUN,FUN/ETH,5.757e-05,0.0,4.124e-05,0.0,0.0,5.591e-05,Mon Nov 27 18:27:08 2017
0.00531747,0.00423781,0.00531746,PAY,PAY/ETH,0.0053,0.00529196,0.00531747,209.04863603,0.00509585,0.005,Mon Nov 27 18:27:08 2017
2.58e-06,2.16e-06,2.58e-06,RBIES,RBIES/BTC,2.58e-06,2.58e-06,2.58e-06,88.78290395,2.58e-06,2.58e-06,Mon Nov 27 18:27:08 2017
0.0,0.08520101,0.0,DGD,DGD/ETH,7.52,0.0,0.08520101,0.0,0.0,6.5,Mon Nov 27 18:27:08 2017
0.0,0.30000333,0.0,ARTE,ARTE/MNE,39.456,0.0,0.0,0.0,0.0,0.0,Mon Nov 27 18:27:08 2017
2.75e-06,2.46e-06,2.46e-06,ENJ,ENJ/BTC,2.53e-06,2.52e-06,2.75e-06,44875.472361,2.42e-06,2.42e-06,Mon Nov 27 18:27:08 2017
0.67,0.67,0.67,OBITS,OBITS/EUR,0.83,0.67,0.67,34.53368363,0.67,0.0,Mon Nov 27 18:27:08 2017
1.36e-06,1.16e-06,1.16e-06,HNC,HNC/BTC,1.22e-06,1.24e-06,1.36e-06,561681.869284,1.11e-06,1.15e-06,Mon Nov 27 18:27:08 2017
9.6e-05,3.003e-05,3.504e-05,GNT,GNT/BTC,4.341e-05,4.237e-05,9.999e-05,100389.678936,2.519e-05,2.379e-05,Mon Nov 27 18:27:08 2017
1.69e-06,1.5e-06,1.52e-06,FU,FU/BTC,1.52e-06,1.54e-06,1.69e-06,1016101.10878,1.5e-06,1.5e-06,Mon Nov 27 18:27:08 2017
5.915e-05,4.46e-05,4.522e-05,XSPEC,XSPEC/BTC,4.514e-05,4.514e-05,5.916e-05,31285.6578132,4.001e-05,4.001e-05,Mon Nov 27 18:27:08 2017
0.93,0.9,0.92,EMC,EMC/USD,0.92999,0.86136117,0.93,13568.8424312,0.81052,0.81052,Mon Nov 27 18:27:08 2017
7.6e-07,7.1e-07,7.2e-07,ASAFE2,ASAFE2/BTC,7.4e-07,7.2e-07,7.6e-07,13506.5939796,7.1e-07,7.1e-07,Mon Nov 27 18:27:08 2017
1.17,1.1695,1.17,EUR,EUR/USD,1.17,1.16536648,1.17111,8429.30066749,1.14601,1.14601,Mon Nov 27 18:27:08 2017
0.0,5.51e-05,0.0,POSW,POSW/DASH,0.00077,0.0,5.51e-05,0.0,0.0,0.00077,Mon Nov 27 18:27:08 2017
5.323e-05,3.1e-05,4.02e-05,HST,HST/BTC,4.687e-05,4.515e-05,5.323e-05,8192.50336636,1.807e-05,1.807e-05,Mon Nov 27 18:27:08 2017
1.449e-05,9.16e-06,1.104e-05,MOIN,MOIN/BTC,1.207e-05,1.215e-05,1.449e-05,18628.9219725,1e-05,1e-05,Mon Nov 27 18:27:08 2017
1e-08,0.0,1e-08,VRS,VRS/BTC,1e-08,1e-08,1e-08,719649.630665,1e-08,1e-08,Mon Nov 27 18:27:08 2017
5.01e-05,4.604e-05,4.645e-05,SLR,SLR/BTC,4.672e-05,4.728e-05,5.01e-05,12004.0923289,4.6e-05,4.6e-05,Mon Nov 27 18:27:08 2017
2.84e-06,2.5e-06,2.58e-06,BIO,BIO/BTC,2.58e-06,2.54e-06,2.84e-06,41128.5990971,2.25e-06,2.57e-06,Mon Nov 27 18:27:08 2017
0.02972,0.01654,0.02829,FUN,FUN/USD,0.02829,0.02568724,0.0298,321.21282416,0.0166,0.0166,Mon Nov 27 18:27:08 2017
0.00329998,0.00177107,0.00329,THS,THS/ETH,0.00269689,0.00279853,0.00329998,33369.6934181,0.00110053,0.00110053,Mon Nov 27 18:27:08 2017
0.00048896,0.00041612,0.00048895,XEM,XEM/ETH,0.00048895,0.00047954,0.00048896,243.77739661,0.00043488,0.00043488,Mon Nov 27 18:27:08 2017
0.22262,0.21225,0.22221,XEM,XEM/USD,0.2225,0.22022145,0.22262,2745.44576551,0.20601,0.20601,Mon Nov 27 18:27:08 2017
0.0,0.65065,0.0,THS,THS/EUR,3.979,0.0,0.65065,0.0,0.0,0.0,Mon Nov 27 18:27:08 2017
5.996e-05,2.101e-05,5.996e-05,ARC,ARC/BCH,5.996e-05,5.996e-05,5.996e-05,12.0,5.996e-05,0.001,Mon Nov 27 18:27:08 2017
3.929e-05,3.338e-05,3.44e-05,SYS,SYS/BTC,3.503e-05,3.492e-05,3.95e-05,183117.016889,3.227e-05,3.227e-05,Mon Nov 27 18:27:08 2017
0.0,0.01999,0.0,POSW,POSW/ICN,0.1499,0.0,0.0,0.0,0.0,0.0,Mon Nov 27 18:27:08 2017
0.00010148,9.22e-05,9.498e-05,BSD,BSD/BTC,9.72e-05,9.443e-05,0.000772,33674.9191926,9.1e-05,9.1e-05,Mon Nov 27 18:27:08 2017
0.0,0.00090241,0.0,OBITS,OBITS/ETH,0.00448429,0.0,0.00090241,0.0,0.0,0.0,Mon Nov 27 18:27:08 2017
0.0,4.01456,0.0,POSW,POSW/RUR,22.49999,0.0,0.0,0.0,0.0,0.0,Mon Nov 27 18:27:08 2017
0.00299999,0.00224825,0.00229063,OTN,OTN/BTC,0.0023328,0.00251197,0.024007,49483.6884513,0.002082,0.001999,Mon Nov 27 18:27:08 2017
6.25e-06,5.03e-06,4.93e-06,TRUMP,TRUMP/BTC,6.24e-06,5.69e-06,6.25e-06,773.39136664,4.54e-06,4.54e-06,Mon Nov 27 18:27:08 2017
0.80599,0.52003,0.80599,OBITS,OBITS/USD,0.8058,0.80599,0.80599,1.23848,0.80599,0.8058,Mon Nov 27 18:27:08 2017
1.024e-05,1.024e-05,1.024e-05,CDX,CDX/BTC,1.194e-05,9.09e-06,1.024e-05,1117.76206952,9e-06,9e-06,Mon Nov 27 18:27:08 2017
2.006e-05,1.811e-05,1.81e-05,OXY,OXY/BTC,1.877e-05,1.904e-05,2.006e-05,128748.04895,1.79e-05,1.79e-05,Mon Nov 27 18:27:08 2017
8e-07,6.2e-07,6.2e-07,VOISE,VOISE/BTC,7.3e-07,7.3e-07,8e-07,351554.823709,6.2e-07,6.2e-07,Mon Nov 27 18:27:08 2017
500000.0,0.0008002,0.00300001,ESC,ESC/BTC,0.00300001,0.00509808,500000.0,19.70993643,0.0003,0.0003,Mon Nov 27 18:27:08 2017
0.0,80.0,0.0,KRB,KRB/RUR,105.63,0.0,91.0,0.0,0.0,155.0,Mon Nov 27 18:27:08 2017
3.22e-06,3.2e-06,3.22e-06,DOLLAR,DOLLAR/BTC,3.22e-06,3.22e-06,3.22e-06,2984.47204968,3.22e-06,3.22e-06,Mon Nov 27 18:27:08 2017
0.0342,0.03244711,0.0342,MNX,MNX/ETH,0.034297,0.03303332,0.0342,973.49188642,0.02810902,0.02810902,Mon Nov 27 18:27:08 2017
0.00475,0.0018479,0.00475,ETHOS,ETHOS/ETH,0.00659998,0.00473907,0.00475,200.7359974,0.0033,0.0033,Mon Nov 27 18:27:08 2017
0.3512,0.28021,0.3512,GNT,GNT/USD,0.3512,0.29526016,0.3512,1895.33656053,0.24,0.24,Mon Nov 27 18:27:08 2017
6.082e-05,5.292e-05,5.599e-05,CTR,CTR/BTC,5.596e-05,5.626e-05,6.4e-05,21789.8285588,5.275e-05,5.275e-05,Mon Nov 27 18:27:08 2017
5.993e-05,4.51e-05,4.352e-05,FirstBlood,FirstBlood/BTC,5.985e-05,4.926e-05,5.993e-05,42.83260173,4.352e-05,4.352e-05,Mon Nov 27 18:27:08 2017
5.2e-07,5.1e-07,5.1e-07,ATX,ATX/BTC,5.2e-07,4.6e-07,5.2e-07,42180.248067,4.1e-07,4.1e-07,Mon Nov 27 18:27:08 2017
0.00083705,0.00067159,0.0006716,GNT,GNT/ETH,0.00083692,0.00066637,0.00083705,2574.87113885,0.000511,0.000511,Mon Nov 27 18:27:08 2017
4.162e-05,3.406e-05,3.521e-05,BLK,BLK/BTC,3.65e-05,3.536e-05,4.162e-05,25955.2243049,3.22e-05,3.22e-05,Mon Nov 27 18:27:08 2017
3e-05,2e-05,3e-05,REE,REE/USD,3e-05,2.095e-05,3e-05,3127818.28261,2e-05,1e-05,Mon Nov 27 18:27:08 2017
1.497e-05,1.411e-05,1.454e-05,POSW,POSW/BTC,1.485e-05,1.397e-05,1.498e-05,77260.8354709,1.283e-05,1.283e-05,Mon Nov 27 18:27:08 2017
0.00054049,0.00042185,0.00041,XRL,XRL/ETH,0.00048506,0.00047586,0.00054049,23561.040988,0.00041,0.00045171,Mon Nov 27 18:27:08 2017
0.0,1.00255,0.0,ZBC,ZBC/RUR,6.99995,0.0,0.0,0.0,0.0,0.0,Mon Nov 27 18:27:08 2017
28.99999997,11.00000001,28.99999997,EL,EL/DANC,34.9999,21.94454183,28.99999997,241.46815731,18.88699995,0.0,Mon Nov 27 18:27:08 2017
0.00067639,0.0006,0.00060439,NVC,NVC/BTC,0.00060924,0.00062045,0.00067639,1634.39118719,0.0006,0.0006,Mon Nov 27 18:27:08 2017
0.0,0.0087,0.0,HNC,HNC/EUR,0.013,0.0,0.0,0.0,0.0,0.0,Mon Nov 27 18:27:08 2017
0.01071,0.00817,0.01054,FST,FST/USD,0.01031,0.0092871,0.014,74158.7405724,0.00793,0.00793,Mon Nov 27 18:27:08 2017
0.0,7.818e-05,0.0,TRST,TRST/ETH,0.00409367,0.0,7.819e-05,0.0,0.0,0.00409367,Mon Nov 27 18:27:08 2017
1.939e-05,1.502e-05,1.9e-05,ENT,ENT/BTC,1.939e-05,1.157e-05,1.94e-05,81296.4216782,5.75e-06,5.75e-06,Mon Nov 27 18:27:08 2017
0.0016,0.00147,0.00153,QTUM,QTUM/BTC,0.00153,0.00154501,0.0016,306.2974799,0.0015,0.0015,Mon Nov 27 18:27:08 2017
108999.99999,75155.00001,108999.99999,BCH,BCH/RUR,108999.99999,108999.99999,108999.99999,0.00092,108999.99999,108999.99999,Mon Nov 27 18:27:08 2017
6e-08,5e-08,5e-08,REE,REE/ETH,6e-08,5e-08,6e-08,3756615.92017,5e-08,5e-08,Mon Nov 27 18:27:08 2017
0.000115,8.846e-05,8.789e-05,EDG,EDG/BTC,0.00011499,0.00010501,0.000115,261.93141279,8.789e-05,8.789e-05,Mon Nov 27 18:27:08 2017
0.00268043,0.00258,0.00259122,TIME,TIME/BTC,0.002605,0.00262054,0.00268043,10110.8420888,0.00255836,0.00255836,Mon Nov 27 18:27:08 2017
0.0095,0.00721,0.00788,UNY,UNY/USD,0.00777,0.00752837,0.00939,47668.5029782,0.00716,0.00716,Mon Nov 27 18:27:08 2017
1e-08,0.0,1e-08,DIME,DIME/BTC,1e-08,1e-08,1e-08,652914.753444,1e-08,1e-08,Mon Nov 27 18:27:08 2017
1.646e-05,1.595e-05,1.595e-05,UNY,UNY/ETH,1.639e-05,1.592e-05,1.646e-05,105779.715291,1.542e-05,1.542e-05,Mon Nov 27 18:27:08 2017
3.42e-06,3.42e-06,3.42e-06,FNC,FNC/BTC,3.93e-06,3.42e-06,3.42e-06,440.29916073,3.42e-06,3.42e-06,Mon Nov 27 18:27:08 2017
0.99999,0.322,0.59999,TRST,TRST/USD,0.59999,0.53015637,3.4,552.1377521,0.321,0.321,Mon Nov 27 18:27:08 2017
0.0045,0.0041,0.00416,NEO,NEO/BTC,0.00415999,0.00417887,0.0045,767.68511994,0.00400116,0.00400115,Mon Nov 27 18:27:08 2017
0.0001947,0.00017891,0.0001828,NMC,NMC/BTC,0.00018574,0.00018679,0.0001947,7979.94179692,0.00017925,0.00017925,Mon Nov 27 18:27:08 2017
0.0,0.00510032,0.0,BNT,BNT/ETH,0.03799974,0.0,0.00510032,0.0,0.0,0.03799974,Mon Nov 27 18:27:08 2017
0.0,1.35056,0.0,ANT,ANT/USD,2.185,0.0,1.35056,0.0,0.0,2.185,Mon Nov 27 18:27:08 2017
5.2,4.2,4.5995,TAAS,TAAS/USD,4.59999,4.38735929,5.2,56.41872589,4.0004,4.0004,Mon Nov 27 18:27:08 2017
16.4,15.1,15.1,MNX,MNX/USD,16.29999,14.13190092,16.4,773.79893577,12.42014,12.42013,Mon Nov 27 18:27:08 2017
0.01975332,0.00800285,0.00800055,DGD,DGD/BTC,0.01489976,0.01290896,0.01975332,2.89961038,0.00800055,0.00800055,Mon Nov 27 18:27:08 2017
0.0,0.0070008,0.0,DAY,DAY/ETH,0.01005567,0.0,0.0069095,0.0,0.0,0.01005497,Mon Nov 27 18:27:08 2017
0.0,0.00017801,0.0,ARTE,ARTE/ETH,0.006,0.0,0.0,0.0,0.0,0.0,Mon Nov 27 18:27:08 2017
5e-06,4.25e-06,4.25e-06,ZBC,ZBC/BTC,4.82e-06,4.38e-06,5e-06,79799.8309981,3.31e-06,3.31e-06,Mon Nov 27 18:27:08 2017
0.0,0.0,0.0,LTC,LTC/RUR,0.0,0.0,0.0,0.0,0.0,0.0,Mon Nov 27 18:27:08 2017
0.0,0.03658,0.0,ITI,ITI/ETH,0.09999999,0.0,0.03658,0.0,0.0,0.0,Mon Nov 27 18:27:08 2017
1.38e-06,1.01e-06,1.28e-06,BPC,BPC/BTC,1.28e-06,1.16e-06,1.38e-06,10746.7773195,1e-06,1e-06,Mon Nov 27 18:27:08 2017
1.72e-06,1.72e-06,1.72e-06,XRC,XRC/BTC,1.82e-06,1.71e-06,1.72e-06,35161.3286274,1.71e-06,1.71e-06,Mon Nov 27 18:27:08 2017
2.00226,2.00334,2.00226,BNT,BNT/USD,3.999,2.00226,2.00334,1.62319,2.00226,2.00226,Mon Nov 27 18:27:08 2017
0.0,0.0031002,0.0,ANT,ANT/ETH,0.00509301,0.0,0.00310022,0.0,0.0,0.00441826,Mon Nov 27 18:27:08 2017
0.00058985,0.00052899,0.00055289,MONA,MONA/BTC,0.00058982,0.00050789,0.00058985,17074.2305608,0.0004518,0.00023505,Mon Nov 27 18:27:08 2017
0.0,0.00024,0.0,EMC,EMC/DASH,0.00239789,0.0,0.00024,0.0,0.0,0.00239789,Mon Nov 27 18:27:08 2017
1e-05,0.0,1e-05,VRS,VRS/USD,1e-05,1e-05,1e-05,5476723.0984,1e-05,1e-05,Mon Nov 27 18:27:08 2017
0.0,0.0,0.0,DASH,DASH/RUR,0.0,0.0,0.0,0.0,0.0,0.0,Mon Nov 27 18:27:08 2017
0.0,6.40055,0.0,ITI,ITI/EUR,24.0,0.0,6.40055,0.0,0.0,10000.0,Mon Nov 27 18:27:08 2017
1e-05,0.0,1e-05,DIME,DIME/USD,1e-05,1e-05,1e-05,8350230.38528,1e-05,1e-05,Mon Nov 27 18:27:08 2017
0.0,16100.0,0.0,BCH,BCH/ZBC,147999.99998,0.0,16100.0,0.0,0.0,16050.0,Mon Nov 27 18:27:08 2017
0.00031,0.00029308,0.00031,EOS,EOS/BTC,0.000309,0.00027795,0.00031,11805.7875157,0.000248,0.000241,Mon Nov 27 18:27:08 2017
0.00127914,0.00118796,0.00127914,MNE,MNE/ETH,0.00127915,0.00114916,0.00127915,1588.01206913,0.00101791,0.00101791,Mon Nov 27 18:27:08 2017
2.6e-05,2.57e-05,2.57e-05,wETT,wETT/BTC,2.6e-05,1.787e-05,2.6e-05,565.08040709,1.239e-05,1.239e-05,Mon Nov 27 18:27:08 2017
0.0,0.0,0.0,QAU,QAU/CRBIT,0.0,0.0,0.0,0.0,0.0,0.0,Mon Nov 27 18:27:08 2017
1.453e-05,1.217e-05,1.341e-05,GOLOS,GOLOS/BTC,1.456e-05,1.29e-05,1.453e-05,15114.4877607,1.19e-05,1.189e-05,Mon Nov 27 18:27:08 2017
0.0007801,0.0007305,0.00073942,CLOAK,CLOAK/BTC,0.00074486,0.00073391,0.0007801,24110.3463161,0.00024592,0.00024592,Mon Nov 27 18:27:08 2017
29498.99948,26177.00082,29498.99948,ETH,ETH/RUR,29497.99944,27712.7087819,29498.99948,3.81437877,24000.00022,24000.00022,Mon Nov 27 18:27:08 2017
0.00031745,0.00028356,0.00028356,VRM,VRM/BTC,0.00028359,0.00027612,0.00031745,5215.64554572,0.00025891,0.00025891,Mon Nov 27 18:27:08 2017
0.000247,0.00020227,0.000246,ANT,ANT/BTC,0.00027473,0.00023203,0.000247,45.58320137,0.00020039,0.00020039,Mon Nov 27 18:27:08 2017
0.0,0.00400502,0.0,EMC,EMC/XMR,0.01198,0.0,0.0,0.0,0.0,0.0,Mon Nov 27 18:27:08 2017
0.001685,0.00162989,0.00162989,MNX,MNX/BTC,0.00165298,0.00154296,0.001685,8778.27680995,0.00138701,0.00097773,Mon Nov 27 18:27:08 2017
0.0,0.00800007,0.0,PPY,PPY/ETH,0.01584715,0.0,0.00800007,0.0,0.0,0.01584715,Mon Nov 27 18:27:08 2017
1.649e-05,1.575e-05,1.566e-05,VIB,VIB/BTC,1.649e-05,1.57e-05,1.649e-05,91069.7801559,1.422e-05,1.1e-05,Mon Nov 27 18:27:08 2017
0.0,0.00062,0.0,VOISE,VOISE/EUR,0.02999,0.0,0.00062,0.0,0.0,0.0,Mon Nov 27 18:27:08 2017
3.299e-05,6.03e-06,3.299e-05,BPC,BPC/ETH,3.3e-05,3.299e-05,3.299e-05,551.49291445,3.299e-05,3.099e-05,Mon Nov 27 18:27:08 2017
0.06967495,0.06475002,0.06475,DASH,DASH/BTC,0.06549894,0.06573059,0.06967495,2566.73774972,0.06240471,0.06179341,Mon Nov 27 18:27:08 2017
9.001e-05,6.7e-05,6.752e-05,MGO,MGO/BTC,7.494e-05,8.036e-05,9.001e-05,7922.46736986,5.201e-05,4.811e-05,Mon Nov 27 18:27:08 2017
0.48,0.29001,0.48,CPC,CPC/USD,0.47,0.35083984,0.48,321.24635218,0.34999,0.34999,Mon Nov 27 18:27:08 2017
0.0,3.00003,0.0,PPY,PPY/USD,6.28885,0.0,0.0,0.0,0.0,0.0,Mon Nov 27 18:27:08 2017
0.0,1.812e-05,0.0,HNC,HNC/ETH,3e-05,0.0,1.812e-05,0.0,0.0,3e-05,Mon Nov 27 18:27:08 2017
0.0,0.00030109,0.0,FirstBlood,FirstBlood/ETH,0.0039849,0.0,0.00030109,0.0,0.0,0.0039849,Mon Nov 27 18:27:08 2017
0.0,0.0,0.0,DIME,DIME/EUR,1e-05,0.0,0.0,0.0,0.0,1e-05,Mon Nov 27 18:27:08 2017
5000000.0,0.55055,1.0,AMM,AMM/USD,1.0,3.45230926,5000000.0,53.7463135,0.10002,0.10002,Mon Nov 27 18:27:08 2017
0.0,2.50000001,0.0,OBITS,OBITS/BTS,10.0,0.0,2.50000001,0.0,0.0,0.0,Mon Nov 27 18:27:08 2017
0.0,0.03535,0.0,POSW,POSW/EUR,0.2,0.0,0.0,0.0,0.0,0.0,Mon Nov 27 18:27:08 2017
1.8e-07,1.1e-07,1.2e-07,VLTC,VLTC/BTC,1.4e-07,1.5e-07,1.8e-07,138295.080782,1e-07,1e-07,Mon Nov 27 18:27:08 2017
0.0,0.37607,0.0,FirstBlood,FirstBlood/USD,0.69975,0.0,0.375,0.0,0.0,0.69975,Mon Nov 27 18:27:08 2017
0.0,0.01616,0.0,PIVX,PIVX/XMR,0.17969999,0.0,0.01616,0.0,0.0,0.17969999,Mon Nov 27 18:27:08 2017
0.0,0.00800504,0.0,MLN,MLN/BTC,0.01148991,0.0,0.00800504,0.0,0.0,0.01148991,Mon Nov 27 18:27:08 2017
1.509e-05,1.352e-05,1.401e-05,QAU,QAU/BTC,1.45e-05,1.411e-05,1.89e-05,43215.4569539,1.201e-05,1.201e-05,Mon Nov 27 18:27:08 2017
2.82e-06,2.21e-06,2.8e-06,FUN,FUN/BTC,2.79e-06,2.74e-06,2.81e-06,16524.3436281,2.57e-06,2.4e-06,Mon Nov 27 18:27:08 2017
0.0002978,0.00022933,0.0002978,POSW,POSW/ETH,0.00029996,0.00029762,0.00029781,539.11545232,0.00029761,0.00029761,Mon Nov 27 18:27:08 2017
2.094e-05,1.765e-05,1.88e-05,CCRB,CCRB/BTC,2.024e-05,2.003e-05,2.094e-05,9167.59245421,1.73e-05,1.73e-05,Mon Nov 27 18:27:08 2017
0.0,0.10111,0.0,POSW,POSW/CRBIT,0.494,0.0,0.0,0.0,0.0,0.0,Mon Nov 27 18:27:08 2017
0.05129,0.04950001,0.049611,ETH,ETH/BTC,0.049611,0.04951796,0.49999999,17544.6982026,0.04750003,0.0476,Mon Nov 27 18:27:08 2017
0.0,0.00065,0.0,CPC,CPC/ETH,0.00089965,0.0,0.0,0.0,0.0,0.00089965,Mon Nov 27 18:27:08 2017
1.5e-05,1.095e-05,1.117e-05,VOX,VOX/BTC,1.14e-05,1.132e-05,0.005,574283.340157,7.87e-06,7.87e-06,Mon Nov 27 18:27:08 2017
1.32e-06,9.6e-07,9.7e-07,DIBC,DIBC/BTC,1.22e-06,1.14e-06,1.32e-06,35703.0416519,9.6e-07,9.6e-07,Mon Nov 27 18:27:08 2017
0.01319,0.01113,0.012,HNC,HNC/USD,0.01269,0.01251268,0.01319,713.61219,0.012,0.012,Mon Nov 27 18:27:08 2017
0.1896,0.16844,0.1687,BCH,BCH/BTC,0.16912778,0.1748505,1690013.0,1185.331935,0.16515053,0.01710341,Mon Nov 27 18:27:08 2017
2.2,1.50557,2.1,ETHOS,ETHOS/USD,2.2,2.06981056,2.2,43.0113412,1.53001,1.0,Mon Nov 27 18:27:08 2017
0.0,0.0,0.0,DIME,DIME/ETH,1e-08,0.0,0.0,0.0,0.0,2e-08,Mon Nov 27 18:27:08 2017
0.02988,0.027,0.02773,EL,EL/USD,0.029,0.0251231,0.02988,25261.7006466,0.0197,0.0197,Mon Nov 27 18:27:08 2017
0.049,0.03011,0.049,FNC,FNC/USD,0.04899,0.049,0.049,60.74298,0.049,0.04899,Mon Nov 27 18:27:08 2017
8.7e-07,7.9e-07,8.1e-07,UNY,UNY/BTC,8.1e-07,8.1e-07,8.9e-07,510667.459745,7.8e-07,8e-07,Mon Nov 27 18:27:08 2017
1.91777,1.55008,1.5606,KRB,KRB/USD,1.67,1.74411947,1.91777,3392.71130265,1.5606,1.5606,Mon Nov 27 18:27:08 2017
2.303e-05,2.27e-05,2.302e-05,ZRX,ZRX/BTC,2.733e-05,2.303e-05,2.418e-05,122.93657689,2.302e-05,2.302e-05,Mon Nov 27 18:27:08 2017
0.14888,0.1052,0.14888,POSW,POSW/USD,0.14887,0.14888,0.14888,20.11425,0.14888,0.14887,Mon Nov 27 18:27:08 2017
1.4e-06,1.28e-06,1.29e-06,ABN,ABN/BTC,1.4e-06,1.4e-06,1.69e-06,67422.9853342,1.29e-06,1.32e-06,Mon Nov 27 18:27:08 2017
3.48e-06,3.05e-06,3e-06,PIPL,PIPL/BTC,3.26e-06,2.98e-06,3.48e-06,50343.917886,2.82e-06,2.93e-06,Mon Nov 27 18:27:08 2017
5.65e-06,5.4e-06,5.65e-06,GB,GB/BTC,5.65e-06,4.58e-06,6e-06,193575.213362,3.84e-06,3.84e-06,Mon Nov 27 18:27:08 2017
0.00529888,0.00340013,0.00529888,CLP,CLP/ETH,0.00528,0.00529886,0.00340013,56.0,0.00529886,0.00528,Mon Nov 27 18:27:08 2017
0.06349,0.0502,0.06349,ARC,ARC/USD,0.06349,0.05060816,9.0,515.84252,0.0502,0.0502,Mon Nov 27 18:27:08 2017
0.0,0.01306001,0.0,DMD,DMD/ETH,0.05,0.0,0.0,0.0,0.0,0.14,Mon Nov 27 18:27:08 2017
0.04745,0.03801,0.04,ZBC,ZBC/USD,0.04,0.04038957,0.04745,2822.5929305,0.038,0.038,Mon Nov 27 18:27:08 2017
0.00191502,0.00020009,0.00189442,SUMO,SUMO/ETH,0.00199595,0.00191298,0.00192926,113.07699075,0.00189442,0.00184798,Mon Nov 27 18:27:08 2017
4999.0,0.00030502,4999.0,AMM,AMM/ETH,0.004888,0.00355218,4999.0,31.14676481,0.0004,0.0004,Mon Nov 27 18:27:08 2017
0.0,1.15,0.0,CRBIT,CRBIT/LEO,1.49999998,0.0,1.15,0.0,0.0,1.9999999,Mon Nov 27 18:27:08 2017
3.7981231,3.405187,3.4,BCH,BCH/ETH,3.50373997,3.53644278,3.7981231,15.03021366,3.4,3.4,Mon Nov 27 18:27:08 2017
2.3e-07,2e-07,2e-07,DOGE,DOGE/BTC,2.1e-07,2.1e-07,2.3e-07,6789525.31718,2e-07,2e-07,Mon Nov 27 18:27:08 2017
2.0,1.799,2.0,CLP,CLP/USD,2.0,1.9999961,2.0,15.4991,1.99999,1.99,Mon Nov 27 18:27:08 2017
0.0,2.029e-05,0.0,FNC,FNC/ETH,0.00014793,0.0,0.0,0.0,0.0,0.00014779,Mon Nov 27 18:27:08 2017
0.0,1.628e-05,0.0,ARC,ARC/ETH,0.00019297,0.0,1.632e-05,0.0,0.0,0.00019297,Mon Nov 27 18:27:08 2017
1.544e-05,1.505e-05,1.51e-05,BTS,BTS/BTC,1.51e-05,1.471e-05,1.596e-05,508406.685865,1.357e-05,1.3e-05,Mon Nov 27 18:27:08 2017
0.0,0.0,0.0,LTC,LTC/EUR,0.0,0.0,0.0,0.0,0.0,0.0,Mon Nov 27 18:27:08 2017
0.01787094,0.01685014,0.01699307,XMR,XMR/BTC,0.01716964,0.01717591,0.01787094,9410.29359053,0.01629976,0.01613831,Mon Nov 27 18:27:08 2017
1e-08,0.0,1e-08,UNC,UNC/BTC,1e-08,1e-08,1e-08,704202.435616,1e-08,1e-08,Mon Nov 27 18:27:08 2017
0.0,0.1,0.0,wETT,wETT/USD,0.4,0.0,0.1,0.0,0.0,9.97,Mon Nov 27 18:27:08 2017
2.79999,1.00011,2.79999,KNC,KNC/USD,2.79998,1.9398736,2.79999,24.56468,1.79996,2.79998,Mon Nov 27 18:27:08 2017
0.05636,0.02235,0.05636,INSN,INSN/USD,0.0692,0.05636,0.05636,35.4224,0.05636,0.05636,Mon Nov 27 18:27:08 2017
0.00577308,0.00150001,0.00577307,MCR,MCR/ETH,0.00577308,0.00577307,0.00577308,2.93265731,0.00577307,0.00577307,Mon Nov 27 18:27:08 2017
8.0,7.61102,7.61104,LSK,LSK/USD,7.77195,7.58206494,740.0,10918.0086003,7.26249,7.26249,Mon Nov 27 18:27:08 2017
1.18e-06,1.11e-06,1.11e-06,DGB,DGB/BTC,1.13e-06,1.12e-06,1.18e-06,821755.820136,1.09e-06,1.09e-06,Mon Nov 27 18:27:08 2017
0.03310004,0.03000561,0.0329452,QTUM,QTUM/ETH,0.032798,0.03309483,0.03310004,46.65632094,0.0329452,0.032798,Mon Nov 27 18:27:08 2017
9.87365,7.66002,9.87217,DMD,DMD/USD,9.87114,9.8731129,9.87365,5.59748944,9.87217,9.87114,Mon Nov 27 18:27:08 2017
0.0,0.15000019,0.0,GNO,GNO/ETH,0.94998608,0.0,0.15000021,0.0,0.0,0.94998608,Mon Nov 27 18:27:08 2017
0.0,3.0,0.0,PLBT,PLBT/EMC,4.5,0.0,1.00000001,0.0,0.0,1000.0,Mon Nov 27 18:27:08 2017
6.196e-05,5.474e-05,5.795e-05,MNE,MNE/BTC,6.011e-05,5.436e-05,6.196e-05,17275.157763,4.001e-05,3.869e-05,Mon Nov 27 18:27:08 2017
0.00831,0.0046,0.00554,EDR,EDR/USD,0.00658,0.00674195,0.00831,266733.060271,0.00444,0.00444,Mon Nov 27 18:27:08 2017
0.0,2.85000001,0.0,DANC,DANC/ZBC,7.0,0.0,0.0,0.0,0.0,0.0,Mon Nov 27 18:27:08 2017
8.9e-05,8.122e-05,8.122e-05,STORJ,STORJ/BTC,8.899e-05,8.577e-05,8.9e-05,484.14957762,7.515e-05,7.522e-05,Mon Nov 27 18:27:08 2017
0.001,0.00020223,0.00099998,wETT,wETT/ETH,0.00099997,0.0006871,0.00101,43.85492848,0.0002,0.0002,Mon Nov 27 18:27:08 2017
0.00280609,0.00280603,0.00280609,REP,REP/BTC,0.00348497,0.00280609,0.00280609,1.0,0.00280609,0.00280609,Mon Nov 27 18:27:08 2017
92.45,90.5,90.5,LTC,LTC/USD,90.53379,85.51858491,92.45,2136.32645935,80.01003,79.07,Mon Nov 27 18:27:08 2017
0.0,0.00031,0.0,GUP,GUP/ETH,0.00053891,0.0,0.00031001,0.0,0.0,0.00053891,Mon Nov 27 18:27:08 2017
2.2e-05,2.003e-05,2.04e-05,XAUR,XAUR/BTC,2.114e-05,2.119e-05,2.2e-05,224008.736101,2e-05,2e-05,Mon Nov 27 18:27:08 2017
4.096e-05,3.631e-05,3.721e-05,CRBIT,CRBIT/BTC,3.859e-05,3.915e-05,4.096e-05,156865.455925,3.613e-05,3.613e-05,Mon Nov 27 18:27:08 2017
1.497e-05,1.101e-05,1.446e-05,VSL,VSL/BTC,1.395e-05,1.26e-05,1.497e-05,3995.75411466,1.11e-05,1.11e-05,Mon Nov 27 18:27:08 2017
0.0,1.229e-05,0.0,INSN,INSN/ETH,0.00029791,0.0,0.0,0.0,0.0,0.0,Mon Nov 27 18:27:08 2017
16.49977,13.80012,15.79997,QTUM,QTUM/USD,15.5,15.40851108,16.49977,0.72466,13.5,13.5,Mon Nov 27 18:27:08 2017
0.00489998,0.00031213,0.00489998,KNC,KNC/ETH,0.0048,0.00413426,0.00489998,378.35467552,0.00031133,0.00351025,Mon Nov 27 18:27:08 2017
5.087e-05,4.588e-05,4.588e-05,ATM,ATM/ETH,4.6e-05,3.77e-05,5.087e-05,59860.9669056,3.101e-05,3.101e-05,Mon Nov 27 18:27:08 2017
175.9999,77.00015,150.99999,GNO,GNO/USD,148.5999,135.56403858,175.9999,1.75512,77.00014,77.00014,Mon Nov 27 18:27:08 2017
0.01968,0.0061,0.01968,DIBC,DIBC/USD,0.01967,0.01968,0.01968,100.0,0.01968,0.01967,Mon Nov 27 18:27:08 2017
1.1e-07,7e-08,7e-08,CREVA,CREVA/BTC,9e-08,9e-08,8e-07,617848.987177,7e-08,7e-08,Mon Nov 27 18:27:08 2017
0.00019,0.00017,0.00019,DIME,DIME/RUR,0.00019,0.00018471,0.00019,16178165.1205,0.00017,0.00017,Mon Nov 27 18:27:08 2017
0.01449999,0.01102128,0.01449999,GNO,GNO/BTC,0.01449398,0.01288893,0.01449999,5.22980632,0.01102001,0.011,Mon Nov 27 18:27:08 2017
25000.99995,16500.0,16347.00025,FORTYTWO,FORTYTWO/USD,25000.99927,16936.3301747,16600.0,0.09216662,16347.0,16347.00025,Mon Nov 27 18:27:08 2017
0.0,0.97,0.0,VRM,VRM/VRC,14.9999,0.0,0.97,0.0,0.0,59.7,Mon Nov 27 18:27:08 2017
1.9e-06,1.72e-06,1.72e-06,LUNA,LUNA/BTC,2.17e-06,1.78e-06,1.9e-06,1668.93701179,1.7e-06,1.7e-06,Mon Nov 27 18:27:08 2017
4.227e-05,3.902e-05,4.225e-05,CPC,CPC/BTC,4.225e-05,4.02e-05,4.227e-05,994.00239484,3.901e-05,3.901e-05,Mon Nov 27 18:27:08 2017
0.00105567,0.00100111,0.0010011,DMD,DMD/BTC,0.00105559,0.00104047,0.00105566,23.10762978,0.00100105,0.00100105,Mon Nov 27 18:27:08 2017
622.0,607.00008,620.0,DASH,DASH/USD,621.99998,606.58971117,622.0,202.76766781,570.0,586.65011,Mon Nov 27 18:27:08 2017
2.501e-05,2.092e-05,2.086e-05,GUP,GUP/BTC,2.502e-05,2.122e-05,2.501e-05,237.4298332,2.034e-05,2.033e-05,Mon Nov 27 18:27:08 2017
5.1e-07,4.1e-07,4.2e-07,BLU,BLU/BTC,4.2e-07,4.5e-07,5.1e-07,263928.167145,4.1e-07,2.2e-07,Mon Nov 27 18:27:08 2017
487.55,476.0,476.0,ETH,ETH/USD,476.5,459.29963528,487.55,891.67490191,435.99999,435.99999,Mon Nov 27 18:27:08 2017
0.0,0.01,0.0,RUR,RUR/USD,0.17,0.0,0.0,0.0,0.0,0.0,Mon Nov 27 18:27:08 2017
0.00059996,0.00030007,0.00059996,BAT,BAT/ETH,0.00059998,0.00059996,0.00059996,11.76499209,0.00059996,0.00059982,Mon Nov 27 18:27:08 2017
0.00042095,0.00042195,0.00042094,CRBIT,CRBIT/ETH,0.00139959,0.00042095,0.00042224,169.97784898,0.00042094,0.00042094,Mon Nov 27 18:27:08 2017
1.59e-06,1.35e-06,1.47e-06,PUT,PUT/BTC,1.47e-06,1.47e-06,1.59e-06,50615.713928,1.24e-06,1.24e-06,Mon Nov 27 18:27:08 2017
0.0,0.12000001,0.0,MLN,MLN/ETH,0.28999998,0.0,0.0,0.0,0.0,0.0,Mon Nov 27 18:27:08 2017
0.009699,0.00940002,0.0094,LTC,LTC/BTC,0.00946236,0.0092719,0.009699,14896.3482727,0.0089,0.00858,Mon Nov 27 18:27:08 2017
0.555,0.25005,0.53,PRO,PRO/USD,0.53,0.17178909,0.555,2007.87202368,0.17019,0.17019,Mon Nov 27 18:27:08 2017
1.54e-06,9.5e-07,1.13e-06,BIT,BIT/BTC,1.13e-06,1.12e-06,1.54e-06,86478.155216,7.9e-07,7.9e-07,Mon Nov 27 18:27:08 2017
0.0,2.972e-05,0.0,CCRB,CCRB/ETH,0.00099885,0.0,2.973e-05,0.0,0.0,0.00099884,Mon Nov 27 18:27:08 2017
2.206e-05,2.206e-05,2.206e-05,DIBC,DIBC/ETH,2.207e-05,2.206e-05,0.0,1552.53253295,2.206e-05,2.206e-05,Mon Nov 27 18:27:08 2017
0.22999,0.14106,0.22999,BAT,BAT/USD,0.22999,0.22999,0.22999,4.3402,0.22999,0.22997,Mon Nov 27 18:27:08 2017
7e-08,5e-08,6e-08,UNRC,UNRC/BTC,6e-08,6e-08,7e-08,1081976.97631,4e-08,4e-08,Mon Nov 27 18:27:08 2017
0.00017815,0.00012358,0.00013298,KNC,KNC/BTC,0.00013564,0.00017598,0.00017815,537.53148205,0.00012285,0.00012285,Mon Nov 27 18:27:08 2017
1e-07,7e-08,7e-08,DANC,DANC/BTC,9e-08,9e-08,1e-07,304603.328088,7e-08,7e-08,Mon Nov 27 18:27:08 2017
40.058082,23.00000007,40.058082,FORTYTWO,FORTYTWO/ETH,74.49999997,39.58657724,40.058082,0.01211832,38.355097,37.654359,Mon Nov 27 18:27:08 2017
0.00025991,0.00016164,0.00018,ETHOS,ETHOS/BTC,0.00024956,0.00018859,0.00026,1949.47189805,0.000161,0.000161,Mon Nov 27 18:27:08 2017
0.0,29.0175,0.0,MLN,MLN/USD,147.0,0.0,29.0175,0.0,0.0,0.0,Mon Nov 27 18:27:08 2017
0.0,0.21000006,0.0,EL,EL/ZBC,1.419998,0.0,0.0,0.0,0.0,0.0,Mon Nov 27 18:27:08 2017
0.0,1.256e-05,0.0,PRO,PRO/ETH,0.00124988,0.0,1.257e-05,0.0,0.0,0.0012,Mon Nov 27 18:27:08 2017
0.0,0.00010891,0.0,CDX,CDX/ETH,0.000378,0.0,0.00012,0.0,0.0,0.00037799,Mon Nov 27 18:27:08 2017
8400.0,8100.0001,8250.0,BTC,BTC/EUR,8250.0,8113.24013146,8400.0,1.60078873,7650.00036,7650.00036,Mon Nov 27 18:27:08 2017
4.87e-06,3.11e-06,3.08e-06,INSN,INSN/BTC,4.48e-06,3.53e-06,4.87e-06,6328.77751299,2.64e-06,2.64e-06,Mon Nov 27 18:27:08 2017
1692.2341,1604.00003,1625.0,BCH,BCH/USD,1645.0,1627.06717014,1692.2341,517.79170334,1531.0,700.0,Mon Nov 27 18:27:08 2017
0.00021186,0.00017,0.00017109,KRB,KRB/BTC,0.00017191,0.00018481,0.00021186,95607.5780782,0.00017,0.00017,Mon Nov 27 18:27:08 2017
2.9,2.40003,2.9,EOS,EOS/USD,2.9,2.68434149,2.9,1137.33191951,2.2,2.21004,Mon Nov 27 18:27:08 2017
0.0,0.00021003,0.0,ZRX,ZRX/ETH,0.00064999,0.0,0.00021004,0.0,0.0,0.00064999,Mon Nov 27 18:27:08 2017
1.0,3.01e-06,1.0,ESC,ESC/ETH,0.5,1.0,1.0,0.03878145,1.0,0.5,Mon Nov 27 18:27:08 2017
3.14e-06,2.69e-06,2.69e-06,EL,EL/BTC,2.96e-06,2.69e-06,4.17e-06,56780.8784908,2.42e-06,2.41e-06,Mon Nov 27 18:27:08 2017
0.00011738,9.694e-05,9.942e-05,KPL,KPL/ETH,0.00011738,8.84e-05,0.00011738,238647.58031,6.763e-05,6.763e-05,Mon Nov 27 18:27:08 2017
9.162e-05,5.224e-05,9.162e-05,PIPL,PIPL/ETH,9.22e-05,9.161e-05,9.162e-05,120.0,9.161e-05,8.293e-05,Mon Nov 27 18:27:08 2017
9.16e-05,9.151e-05,9.152e-05,ZBC,ZBC/ETH,0.00017436,9.151e-05,9.161e-05,4565.79682887,9.151e-05,9.151e-05,Mon Nov 27 18:27:08 2017
0.00054,0.00050202,0.00051521,STRAT,STRAT/BTC,0.00052374,0.00048443,0.00054,25859.7375318,0.00046001,0.00046001,Mon Nov 27 18:27:08 2017
0.00649706,0.00390224,0.0064,EOS,EOS/ETH,0.00639977,0.0064939,0.00649706,618.56188864,0.0064,0.0059999,Mon Nov 27 18:27:08 2017
0.00010534,5.489e-05,5.489e-05,CLD,CLD/BTC,5.49e-05,6.444e-05,8.034e-05,354.21011363,4.209e-05,4.209e-05,Mon Nov 27 18:27:08 2017
0.07994,0.0308,0.03081,KPL,KPL/USD,0.03081,0.03946315,0.07994,779.81060068,0.0308,0.0308,Mon Nov 27 18:27:08 2017
0.00348,0.0023,0.00246,DMC,DMC/USD,0.0026,0.00282906,0.00348,133038.128011,0.00202,0.00202,Mon Nov 27 18:27:08 2017
0.02149169,0.019,0.01900019,OMG,OMG/ETH,0.02149149,0.02121313,0.02149169,120.11680867,0.019,0.0189658,Mon Nov 27 18:27:08 2017
0.02915,0.02001,0.02126,YOC,YOC/USD,0.023,0.02526699,0.02915,42623.4921326,0.01993,0.01993,Mon Nov 27 18:27:08 2017
0.15782,0.131,0.1251,VIB,VIB/USD,0.15199,0.14702178,0.148,840.44129683,0.1251,0.149,Mon Nov 27 18:27:08 2017
0.0018882,0.00174108,0.001758,FRST,FRST/BTC,0.0017739,0.00176839,0.0019399,44971.8243062,0.00171852,0.00162,Mon Nov 27 18:27:08 2017
0.00204866,0.001941,0.00196,DOGE,DOGE/USD,0.00199,0.00195267,0.00204866,12499648.3792,0.00185101,0.00185101,Mon Nov 27 18:27:08 2017
5e-06,2.3e-06,5e-06,MSCN,MSCN/ETH,4.99e-06,5e-06,5e-06,25000.0,5e-06,4.99e-06,Mon Nov 27 18:27:08 2017
50000000.0,5.501e-05,9e-05,AMM,AMM/BTC,9e-05,0.00094956,50000000.0,869.7197743,5e-06,5e-06,Mon Nov 27 18:27:08 2017
9.99995,8.5,9.1,OMG,OMG/USD,9.79999,8.79999451,9.99996,35.90153846,8.2,8.2,Mon Nov 27 18:27:08 2017
9740.0,9546.05005,9546.03004,BTC,BTC/USD,9589.01003,9363.98570165,95001.0,555.45958877,8746.46,894.0,Mon Nov 27 18:27:08 2017
1.74e-06,1.7e-06,1.7e-06,MOJO,MOJO/BTC,1.71e-06,1.7e-06,1.74e-06,22096.0488457,1.59e-06,1.3e-06,Mon Nov 27 18:27:08 2017
0.0,2.706e-05,0.0,YOC,YOC/ETH,8.444e-05,0.0,2.706e-05,0.0,0.0,8.4e-05,Mon Nov 27 18:27:08 2017
0.0,0.01305,0.0,ZBC,ZBC/EUR,0.28999,0.0,0.01305,0.0,0.0,0.0,Mon Nov 27 18:27:08 2017
0.0,0.6,0.0,PUT,PUT/RUR,1.0,0.0,0.6,0.0,0.0,1.0,Mon Nov 27 18:27:08 2017
0.00032735,0.000302,0.00032735,VIB,VIB/ETH,0.00034,0.00031529,0.00032735,53236.4894297,0.00025886,0.00027908,Mon Nov 27 18:27:08 2017
6.34e-06,5.2e-06,5.45e-06,ARC,ARC/BTC,5.59e-06,5.94e-06,0.002,196251.183215,5.01e-06,5e-06,Mon Nov 27 18:27:08 2017
0.00144,0.00123,0.00139,MSCN,MSCN/USD,0.0014,0.00140527,0.00144,62592.1097833,0.00123,0.00123,Mon Nov 27 18:27:08 2017
0.0,0.00050035,0.0,WINGS,WINGS/ETH,0.0019693,0.0,0.00050035,0.0,0.0,0.0019693,Mon Nov 27 18:27:08 2017
5.45,2.05,5.45,MTL,MTL/USD,88.99998,5.45,5.45,7.81685,5.45,88.99998,Mon Nov 27 18:27:08 2017
2.55e-06,1.58e-06,2.2e-06,ATM,ATM/BTC,2.37e-06,1.88e-06,2.55e-06,49359.0311404,1.17e-06,1.17e-06,Mon Nov 27 18:27:08 2017
2.14,1.41001,1.4767,EL,EL/RUR,1.52,1.44393252,2.14,11177.7443293,1.23001,1.23001,Mon Nov 27 18:27:08 2017
9.2e-07,5.2e-07,5.2e-07,EDR,EDR/BTC,5.8e-07,6.2e-07,9.7e-07,1467498.2642,4e-07,4e-07,Mon Nov 27 18:27:08 2017
1.998e-05,1.46e-05,1.639e-05,SNGLS,SNGLS/BTC,1.76e-05,1.662e-05,1.998e-05,4179.49676214,1.561e-05,1.561e-05,Mon Nov 27 18:27:08 2017
0.15204,0.1001,0.1001,RLT,RLT/USD,0.151,0.14056344,0.15204,708.6613106,0.1001,0.1001,Mon Nov 27 18:27:08 2017
3.619e-05,3.913e-05,3.546e-05,CVC,CVC/BTC,4.372e-05,3.561e-05,3.913e-05,1057.67728599,3.546e-05,3.538e-05,Mon Nov 27 18:27:08 2017
0.0,0.04642656,0.0,REP,REP/ETH,0.18699997,0.0,0.04642656,0.0,0.0,40.0,Mon Nov 27 18:27:08 2017
4e-08,4e-08,4e-08,ACN,ACN/BTC,5e-08,4e-08,4e-08,242737.089468,4e-08,4e-08,Mon Nov 27 18:27:08 2017
6e-05,5.53e-05,5.463e-05,WINGS,WINGS/BTC,6.276e-05,5.624e-05,6e-05,387.55141705,5.463e-05,5.463e-05,Mon Nov 27 18:27:08 2017
3.989,3.76008,3.8,PLBT,PLBT/USD,3.95,3.85358071,3.989,421.05972192,3.20011,3.20011,Mon Nov 27 18:27:08 2017
0.00039499,0.00037576,0.00037226,PIVX,PIVX/BTC,0.00041094,0.00038097,0.00039499,1900.20766426,0.00036601,0.00036601,Mon Nov 27 18:27:08 2017
17.4,16.30003,16.88987,FRST,FRST/USD,16.88987,16.68779461,17.4,914.31645511,15.45,15.45,Mon Nov 27 18:27:08 2017
3.4e-07,1.2e-07,2.4e-07,DMC,DMC/BTC,2.5e-07,2.4e-07,7e-07,80238.2475374,1.1e-07,1.1e-07,Mon Nov 27 18:27:08 2017
40.0,25.99999,40.0,REP,REP/USD,40.0,26.81130518,40.0,1.492236,25.0,25.0,Mon Nov 27 18:27:08 2017
3.96e-06,3.22e-06,3.58e-06,ADZ,ADZ/BTC,3.7e-06,3.42e-06,3.79e-06,47125.4899056,3e-06,3e-06,Mon Nov 27 18:27:08 2017
0.000344,0.00028549,0.00032418,MCR,MCR/BTC,0.00031338,0.0002961,0.0005284,4134.26820216,0.00022083,0.00022083,Mon Nov 27 18:27:08 2017
0.00018899,0.00015311,0.00018899,TKN,TKN/BTC,0.00018499,0.00016402,0.00018899,125.08129238,0.00015303,0.00015303,Mon Nov 27 18:27:08 2017
0.0,0.0008,0.0,MSCN,MSCN/EUR,0.0016,0.0,0.0,0.0,0.0,0.00233,Mon Nov 27 18:27:08 2017
0.00130905,0.00130905,0.00130905,MTL,MTL/ETH,0.01614569,0.00130905,0.0,2.0,0.00130905,0.00130905,Mon Nov 27 18:27:08 2017
1.04e-06,8.7e-07,8.7e-07,GYC,GYC/BTC,9.5e-07,9.5e-07,1.04e-06,94416.3862492,8.7e-07,8.7e-07,Mon Nov 27 18:27:08 2017
0.0085,0.00731947,0.00700002,PLBT,PLBT/ETH,0.00843778,0.00722961,0.0085,403.6502769,0.00700002,0.00700002,Mon Nov 27 18:27:08 2017
0.00125,0.00093011,0.00092999,OMG,OMG/BTC,0.00111463,0.00101713,0.00124908,726.83330903,0.00090555,0.000904,Mon Nov 27 18:27:08 2017
0.0,1.50556,0.0,ARC,ARC/RUR,4.79999,0.0,1.505,0.0,0.0,100.0,Mon Nov 27 18:27:08 2017
0.25119,0.19,0.22,ZRX,ZRX/USD,0.242,0.22070807,0.25119,175.04809,0.22,0.22,Mon Nov 27 18:27:08 2017
0.00199999,0.00181026,0.00192,EMC,EMC/ETH,0.002,0.00190943,0.002,2402.3854671,0.00187447,0.00187447,Mon Nov 27 18:27:08 2017
0.0,0.0100126,0.0,eETT,eETT/wETT,0.8,0.0,0.0,0.0,0.0,0.0,Mon Nov 27 18:27:08 2017
0.03722724,0.03471003,0.03609989,FRST,FRST/ETH,0.03609983,0.03608922,0.03722724,3741.07621488,0.03333362,0.03333362,Mon Nov 27 18:27:08 2017
3.49e-06,3.22e-06,3.22e-06,HVN,HVN/BTC,3.46e-06,3.37e-06,3.5e-06,22272.8351868,3.11e-06,3.11e-06,Mon Nov 27 18:27:08 2017
0.0,0.11019,0.0,EDR,EDR/RUR,0.7,0.0,0.2,0.0,0.0,20.0,Mon Nov 27 18:27:08 2017
0.00022327,0.00019674,0.00019679,CLP,CLP/BTC,0.0002,0.00020703,0.00022327,10791.7055461,0.00019672,0.00019672,Mon Nov 27 18:27:08 2017
9.979e-05,6.216e-05,6.546e-05,FUNC,FUNC/ETH,6.548e-05,6.911e-05,9.979e-05,72932.1684343,6.309e-05,6.309e-05,Mon Nov 27 18:27:08 2017
0.28718,0.26001,0.26082,LEO,LEO/USD,0.27003,0.27182503,0.28718,18290.4723311,0.25487,0.25487,Mon Nov 27 18:27:08 2017
4.3e-07,4.2e-07,4.2e-07,PRES,PRES/BTC,4.3e-07,4.3e-07,4.2e-07,2847.54526758,4.2e-07,4.2e-07,Mon Nov 27 18:27:08 2017
1.379e-05,7.26e-06,7.23e-06,eETT,eETT/BTC,8.73e-06,8.77e-06,1.379e-05,4972.4873477,7.13e-06,1.3e-06,Mon Nov 27 18:27:08 2017
0.0,6.1e-05,0.0,ZBC,ZBC/XMR,0.0005577,0.0,0.0,0.0,0.0,0.0005577,Mon Nov 27 18:27:08 2017
6.32e-05,6.313e-05,6.32e-05,RLC,RLC/BTC,7.391e-05,6.32e-05,6.325e-05,17.37379046,6.32e-05,6.32e-05,Mon Nov 27 18:27:08 2017
0.00026646,0.00023347,0.00023346,RLT,RLT/ETH,0.00059999,0.00026236,0.00026658,813.62486497,0.00023346,0.00023346,Mon Nov 27 18:27:08 2017
2.8e-07,1.5e-07,1.5e-07,ESP,ESP/ETH,2.4e-07,2.3e-07,2.8e-07,4280869.80936,1.5e-07,1.5e-07,Mon Nov 27 18:27:08 2017
5.188e-05,2.002e-05,2.002e-05,SOAR,SOAR/ETH,5.186e-05,3.432e-05,5.188e-05,8382.26258863,2.002e-05,2.002e-05,Mon Nov 27 18:27:08 2017
0.00040007,0.00010001,0.00040007,LEO,LEO/ETH,0.00063048,0.00040007,0.0005,80.0,0.00040007,0.00040007,Mon Nov 27 18:27:08 2017
2.25e-05,2.128e-05,2.188e-05,NXT,NXT/BTC,2.25e-05,1.844e-05,2.25e-05,154374.182993,1.503e-05,1.503e-05,Mon Nov 27 18:27:08 2017
0.000103,8e-05,8.69e-05,SUMO,SUMO/BTC,8.826e-05,9.004e-05,0.000103,897.79725288,7.59e-05,8.57e-05,Mon Nov 27 18:27:08 2017
0.0,30.303,0.0,PIVX,PIVX/RUR,285.0,0.0,30.303,0.0,0.0,0.0,Mon Nov 27 18:27:08 2017
0.0,0.01300894,0.0,BTB,BTB/ETH,0.06799999,0.0,0.01300894,0.0,0.0,0.06799999,Mon Nov 27 18:27:08 2017
0.0052,0.00361,0.0052,BLU,BLU/USD,0.0052,0.00439775,0.0052,1585.54409,0.00361,0.003,Mon Nov 27 18:27:08 2017
0.00087615,0.00079017,0.00079676,LSK,LSK/BTC,0.00080538,0.00081954,0.00087615,152635.038734,0.00078549,0.0001,Mon Nov 27 18:27:08 2017
3.489e-05,3.323e-05,3.323e-05,CURE,CURE/BTC,3.399e-05,3.392e-05,3.489e-05,124290.363178,3.321e-05,2.5e-05,Mon Nov 27 18:27:08 2017
164.4999,157.50028,161.2999,XMR,XMR/USD,161.2999,159.0775542,164.4999,354.93972369,154.2,154.2,Mon Nov 27 18:27:08 2017
0.72356255,0.617708,0.61634774,BCC,BCC/ETH,0.64355233,0.62991589,0.72356255,24.68926211,0.58387421,0.58387421,Mon Nov 27 18:27:08 2017
0.0,0.0004,0.0,POSW,POSW/XMR,0.001965,0.0,0.0,0.0,0.0,0.0,Mon Nov 27 18:27:08 2017
0.03098,0.02052,0.03098,FUNC,FUNC/USD,0.03098,0.03097309,0.03098,1665.20181046,0.03097,0.0,Mon Nov 27 18:27:08 2017
2.69e-06,2.2e-06,2.37e-06,POST,POST/BTC,2.51e-06,2.39e-06,2.69e-06,68113.2594151,2.2e-06,2.2e-06,Mon Nov 27 18:27:08 2017
9.79e-05,9.564e-05,9.626e-05,EMC,EMC/BTC,9.697e-05,9.468e-05,9.79e-05,45287.98815,9.25e-05,9.25e-05,Mon Nov 27 18:27:08 2017
0.0,0.00109924,0.0,STORJ,STORJ/ETH,0.00749969,0.0,0.00109925,0.0,0.0,0.00749969,Mon Nov 27 18:27:08 2017
0.0,2.021e-05,0.0,TRUMP,TRUMP/ETH,0.0001,0.0,2.027e-05,0.0,0.0,0.0,Mon Nov 27 18:27:08 2017
0.0,4e-05,0.0,BIO,BIO/ETH,8.449e-05,0.0,4.001e-05,0.0,0.0,8.449e-05,Mon Nov 27 18:27:08 2017
3.12e-06,2.32e-06,2.39e-06,YOC,YOC/BTC,2.37e-06,2.69e-06,3.12e-06,925402.392481,2.28e-06,2.28e-06,Mon Nov 27 18:27:08 2017
1.2e-07,8e-08,8e-08,XMS,XMS/BTC,1.2e-07,1.1e-07,1.2e-07,483281.471456,8e-08,8e-08,Mon Nov 27 18:27:08 2017
0.00012298,0.0001001,0.0001001,THS,THS/BTC,0.0001011,0.00011204,0.00076,295251.516735,9.092e-05,9.092e-05,Mon Nov 27 18:27:08 2017
2.475e-05,2.2e-05,2.309e-05,XEM,XEM/BTC,2.309e-05,2.316e-05,2.475e-05,8530.80884874,2.2e-05,2.2e-05,Mon Nov 27 18:27:08 2017
6.22e-06,4.51e-06,6.17e-06,KPL,KPL/BTC,6.12e-06,3.17e-06,6.22e-06,6772.248224,2.23e-06,2.22e-06,Mon Nov 27 18:27:08 2017
2.371e-05,2.176e-05,2.221e-05,INCNT,INCNT/BTC,2.296e-05,2.228e-05,2.371e-05,111282.572341,2.126e-05,2.126e-05,Mon Nov 27 18:27:08 2017
0.00993571,0.00891848,0.00891847,STRAT,STRAT/ETH,0.01189078,0.0095135,0.00993571,76.59379227,0.00866888,0.00866888,Mon Nov 27 18:27:08 2017
0.0,0.00035681,0.0,POSW,POSW/LTC,0.00259989,0.0,0.0,0.0,0.0,0.0037995,Mon Nov 27 18:27:08 2017
0.00216919,0.00013592,0.00216919,CLD,CLD/ETH,0.00216918,0.00170883,0.00216919,84.08685393,0.00120017,0.00120017,Mon Nov 27 18:27:08 2017
0.0002409,0.00022522,0.00023129,GAME,GAME/BTC,0.00023897,0.00022564,0.00024091,5382.63042028,0.00021783,0.0002,Mon Nov 27 18:27:08 2017
27.8,22.07003,22.07009,OTN,OTN/USD,22.49,22.47536168,27.8,2000.40546138,20.0,20.0,Mon Nov 27 18:27:08 2017
1.7e-07,1.4e-07,1.4e-07,MSCN,MSCN/BTC,1.5e-07,1.5e-07,1.7e-07,849200.003844,1.4e-07,1.4e-07,Mon Nov 27 18:27:08 2017
0.75,0.64,0.75,STORJ,STORJ/USD,0.7998,0.75,0.64,5.98258529,0.75,0.75,Mon Nov 27 18:27:08 2017
5.01,4.82001,5.001,STRAT,STRAT/USD,5.001,4.85057498,5.01,647.25726452,4.39,4.39,Mon Nov 27 18:27:08 2017
58.44999,56.85002,57.85699,USD,USD/RUR,57.85697,56.96319401,58.44999,6235.8335269,54.3,54.3,Mon Nov 27 18:27:08 2017
0.0,12.02222,0.0,THS,THS/RUR,99.99999,0.0,12.02222,0.0,0.0,0.0,Mon Nov 27 18:27:08 2017
0.03333005,0.03089899,0.03100998,BCC,BCC/BTC,0.03100998,0.03142632,0.302,2579.14486555,0.02906595,0.02906595,Mon Nov 27 18:27:08 2017
0.00010084,7.045e-05,7.986e-05,SNT,SNT/ETH,8.254e-05,8.152e-05,0.00010084,21661.7499805,7.132e-05,7.132e-05,Mon Nov 27 18:27:08 2017
6.18e-06,5.58e-06,5.57e-06,SXC,SXC/BTC,5.82e-06,5.7e-06,6.18e-06,1201124.56798,5.45e-06,5.45e-06,Mon Nov 27 18:27:08 2017
0.0615,0.0465,0.046725,OTN,OTN/ETH,0.04695,0.05056753,0.0615,41489.6853518,0.04209312,0.04221862,Mon Nov 27 18:27:08 2017
0.00244996,0.00200002,0.00239999,BTB,BTB/BTC,0.00239999,0.00215041,0.00244996,1.5632311,0.00157011,0.00157011,Mon Nov 27 18:27:08 2017
0.0,0.11111,0.0,PIVX,PIVX/EUR,3.55,0.0,0.11111,0.0,0.0,3.55,Mon Nov 27 18:27:08 2017
49.0,21.00001,49.0,EMC,EMC/RUR,51.0,48.96990618,49.0,125.0309552,47.9,0.0,Mon Nov 27 18:27:08 2017
0.000371,4.804e-05,0.000371,SNGLS,SNGLS/ETH,0.000385,0.000371,0.000371,85.27884909,0.000371,0.00037099,Mon Nov 27 18:27:08 2017
1.8e-07,1.1e-07,1.1e-07,LDC,LDC/BTC,1.7e-07,1.4e-07,1.8e-07,13818.7720593,1.1e-07,1.1e-07,Mon Nov 27 18:27:08 2017
0.03973,0.02702,0.03973,SNT,SNT/USD,0.03972,0.03766197,0.03973,2750.4104984,0.03696,0.03696,Mon Nov 27 18:27:08 2017
0.0,0.00150001,0.0,TKN,TKN/ETH,0.0089,0.0,0.00150002,0.0,0.0,0.00889999,Mon Nov 27 18:27:08 2017
0.39998,0.27215,0.27201,CVC,CVC/USD,0.41199,0.3885009,0.39998,112.59563,0.27201,0.27201,Mon Nov 27 18:27:08 2017
0.0,0.00064773,0.0,CVC,CVC/ETH,0.00089323,0.0,0.00064773,0.0,0.0,0.00089323,Mon Nov 27 18:27:08 2017
0.16733,0.121,0.16733,SNGLS,SNGLS/USD,0.16733,0.16589228,0.16733,311.67686081,0.16399,0.16399,Mon Nov 27 18:27:08 2017
6.777,5.51101,6.777,MCO,MCO/USD,6.79999,6.48844728,6.777,50.2032498,5.50001,5.50001,Mon Nov 27 18:27:08 2017
1.804e-05,1.345e-05,1.437e-05,RLT,RLT/BTC,1.454e-05,1.296e-05,1.804e-05,253530.314842,1.069e-05,1.1e-05,Mon Nov 27 18:27:08 2017
0.0,0.00095554,0.0,GRS,GRS/ETH,0.00208347,0.0,0.00095563,0.0,0.0,0.00208347,Mon Nov 27 18:27:08 2017
7.8e-07,7.3e-07,7.3e-07,BURST,BURST/BTC,7.5e-07,7.5e-07,7.8e-07,336619.408827,7.1e-07,7e-07,Mon Nov 27 18:27:08 2017
3.834e-05,2.075e-05,3.834e-05,PRO,PRO/BTC,3.755e-05,3.157e-05,3.834e-05,3941.05242161,1.828e-05,1.828e-05,Mon Nov 27 18:27:08 2017
0.0252,0.02313,0.02313,BIO,BIO/USD,0.0252,0.0248241,0.0252,5290.4875018,0.02313,0.02313,Mon Nov 27 18:27:08 2017
0.00094184,0.00087,0.000903,DBIX,DBIX/BTC,0.000903,0.00079011,0.00094184,16705.2681644,0.00060002,1.5e-05,Mon Nov 27 18:27:08 2017
1.5,1.5,1.5,TKN,TKN/USD,1.9,1.40914831,1.5,73.67094678,1.402,0.0,Mon Nov 27 18:27:08 2017
0.092,0.07301,0.086,MSCN,MSCN/RUR,0.09,0.08437673,0.092,19514.2098491,0.07999,0.07999,Mon Nov 27 18:27:08 2017
0.01663655,0.01128209,0.01663646,MCO,MCO/ETH,0.01663646,0.01320456,0.01663655,68.9110297,0.011,0.01663646,Mon Nov 27 18:27:08 2017
568999.96,537000.0,547793.86,BTC,BTC/RUR,554500.99999,517185.069855,5350000.0,7.61214889,486002.08001,486002.08001,Mon Nov 27 18:27:08 2017
2.008e-05,1.787e-05,1.8e-05,BAT,BAT/BTC,2.007e-05,1.827e-05,2.007e-05,1616.53893038,1.768e-05,1.768e-05,Mon Nov 27 18:27:08 2017
0.00134,0.00086,0.00125,DANC,DANC/USD,0.00125,0.00130685,0.0086,17486.1852,0.00086,0.00086,Mon Nov 27 18:27:08 2017
0.0,1.06e-06,0.0,PUT,PUT/ETH,3.899e-05,0.0,1.16e-06,0.0,0.0,3.899e-05,Mon Nov 27 18:27:08 2017
0.0,0.81288,0.0,YOC,YOC/RUR,3.99999,0.0,0.81288,0.0,0.0,3.2,Mon Nov 27 18:27:08 2017
0.66797,0.47303,0.66797,GRS,GRS/USD,0.66795,0.66797,0.66797,14.54438,0.66797,0.6,Mon Nov 27 18:27:08 2017
0.00696,0.00312,0.00689,ASAFE2,ASAFE2/USD,0.00727,0.00689025,0.00696,6929.05684582,0.00688,0.00688,Mon Nov 27 18:27:08 2017
0.00028781,0.00022701,0.00026918,PAY,PAY/BTC,0.00026742,0.00024055,0.00028781,1718.04675926,0.00022602,0.00022602,Mon Nov 27 18:27:08 2017
0.015,0.0111,0.015,PUT,PUT/USD,0.015,0.01426244,0.015,3122.24214,0.0124,0.0124,Mon Nov 27 18:27:08 2017
0.00202766,0.00070005,0.00180449,ETHP,ETHP/ETH,0.00147123,0.00111881,0.00202766,343.50899944,0.00070002,0.00070002,Mon Nov 27 18:27:08 2017
0.0,0.00099999,0.0,wETT,wETT/WAVES,0.06946,0.0,0.0,0.0,0.0,0.0,Mon Nov 27 18:27:08 2017
1.99999999,1.80000422,1.94999954,FORTYTWO,FORTYTWO/BTC,1.9499996,1.81755263,2.4,0.34169251,1.8,1.8,Mon Nov 27 18:27:08 2017
0.00041176,0.000395,0.00040299,PLBT,PLBT/BTC,0.00040299,0.00039979,0.00041176,6130.49127381,0.000382,0.000382,Mon Nov 27 18:27:08 2017
0.00065,0.00054,0.00054,UNRC,UNRC/USD,0.00062,0.00056856,0.00065,764042.827096,0.00054,0.00054,Mon Nov 27 18:27:08 2017
